epoch,time,train/box_loss,train/cls_loss,train/dfl_loss,metrics/precision(B),metrics/recall(B),metrics/mAP50(B),metrics/mAP50-95(B),val/box_loss,val/cls_loss,val/dfl_loss,lr/pg0,lr/pg1,lr/pg2
1,156.838,1.90736,3.51032,1.68675,0.00678,0.87467,0.2394,0.08661,1.87442,3.65622,1.69572,0.0003875,0.0003875,0.0003875
2,271.528,1.75047,2.55493,1.50587,0.27402,0.29779,0.29102,0.12818,1.77705,2.9792,1.6311,0.000779704,0.000779704,0.000779704
3,391.855,1.65894,2.35572,1.46122,0.26371,0.41172,0.26706,0.11193,1.84698,2.94582,1.79024,0.00116399,0.00116399,0.00116399
4,541.958,1.66,2.36792,1.48851,0.56208,0.32279,0.34639,0.1299,1.85938,3.04503,1.97685,0.00121287,0.00121287,0.00121287
